Title,Year,Director,Runtime,Genre,Date,Rating
Neon Riders,1981,Patrick Cale,104,Action,2025-01-07,3.5
The Golden Corridor,1973,Elias Morano,119,Adventure,2025-01-14,1
Desert Choir,1982,Rina Delgado,142,Drama,2025-01-19,4.5
Codebreaker,1984,Jonathan Pike,116,Sci-Fi,2025-02-03,2.5
Nightfall District,1988,Jordan Hale,107,Crime Thriller,2025-02-05,0.5
Painted Horizons,2022,Daniela Ibarra,108,Family/Drama,2025-02-10,5
Midnight Eclipse,1986,Andrea Sullivan,110,Mystery,2025-02-21,3
The Sapphire Window,2025,Hana Gutierrez,114,Fantasy/Adventure,2025-03-05,2
Wolves of Winter,1987,Kristian Roark,128,Adventure,2025-03-12,1.5
Whispering Satellites,1995,Keiko Morita,124,Sci-Fi,2025-03-22,4
After the Storm,1989,Helena Wu,101,Romance/Drama,2025-03-28,2.5
Virtual Hearts,1991,Sean Dray,113,Sci-Fi Romance,2025-04-05,3.5
Ashes of a Kingdom,2004,Matteo Rizzo,136,Fantasy,2025-04-09,1
Iron Circus,2023,Calvin Rhodes,131,Action,2025-04-14,4.5
Lines of Fire,1993,Carlos Menendez,126,War,2025-04-22,0.5
Paper Skies,1994,Sonia Brewer,97,Slice-of-Life,2025-05-01,3
The Tenth Floor,1996,Robert Anders,135,Thriller,2025-05-17,2
Through the Iron Gate,2011,Daria Novak,115,Action,2025-05-26,5
Street Kings,1997,Tasha Lee,115,Crime,2025-05-30,1.5
Luna Falls,1999,Naomi Arakawa,109,Fantasy/Drama,2025-06-04,4
The Painted Veil of Storms,2014,Helena Ortega,129,Drama,2025-06-13,2.5
White Ember,2000,Daniel Cho,103,Action,2025-06-19,3.5
Velvet Echo,2023,Zara Mahmoud,95,Mystery,2025-06-27,1
The Forgotten Map,2002,Alicia Romano,141,Adventure,2025-07-02,4.5
Static Pulse,2017,Quinn Mercer,118,Sci-Fi/Action,2025-07-08,0.5
Binary Shadows,2003,Mark Feld,122,Tech Thriller,2025-07-15,2
Stars Beneath Us,2005,Lillian Grant,128,Sci-Fi Drama,2025-07-29,3
Marble Skies,2020,Lila Anders,111,Romance,2025-08-03,5
Red Sky Carousel,2007,Octavio Ruiz,106,Mystery,2025-08-06,1.5
Echo Harbor,2009,Claire Meyers,119,Romance/Mystery,2025-08-18,4
Monolith Rising,2021,Victor Dane,142,Sci-Fi,2025-08-27,2.5
The Falling Star,2016,Mara Velasquez,124,Drama,2025-08-31,3.5
Digital Ghosts,2016,Theo Kline,109,Sci-Fi Thriller,2025-09-07,1
The Sparrow's Lantern,2022,Ayumi Katsura,97,Family/Drama,2025-09-14,0.5
Valley of Mirrors,2017,Haru Ishida,132,Mystery,2025-09-19,4.5
When the Sun Stayed Still,2024,Alan Oâ€™Connor,139,Sci-Fi,2025-09-25,3
The Chrome Forest,2017,Brandon Cole,118,Sci-Fi Adventure,2025-10-01,2
Dominion Run,2023,Travis Kade,126,Action,2025-10-07,5
A Winter for Dreams,2018,Sofia Laurent,104,Romance/Drama,2025-10-11,1.5
Kingdom of Ashes,2018,Javier Montoya,148,Fantasy,2025-10-26,4
Frostline Echo,2024,Emilia Kovac,105,Mystery,2025-10-30,2.5
Neon Divide,2019,Cynthia Park,116,Action,2025-11-03,3.5
Emberstone,2025,Rowan Adler,123,Fantasy/Adventure,2025-11-08,1
The Paper Crown,2019,Rowan Adler,99,Drama,2025-11-12,0.5
Stormrise Protocol,2020,Lionel Chase,127,Sci-Fi,2025-11-21,4.5
The Cipher Garden,2009,Iris Belmont,101,Mystery,2025-11-26,3
Beneath the Lanterns,2020,Mei Lin,112,Historical Drama,2025-11-29,2
Hollow Realms,2021,Eden Reyes,143,Fantasy/Sci-Fi,2025-12-01,5
Beneath Crimson Waves,1982,Omar Del Toro,140,Drama,2025-12-04,1.5
The Last Signal,2021,Terrence Shaw,121,Thriller,2025-12-05,4